{"accessibilityPrompt":true,"alwaysOnTop":false,"arch":"x64","asar":false,"backgroundColor":null,"basicAuthPassword":null,"basicAuthUsername":null,"blockExternalUrls":false,"bounce":false,"browserwindowOptions":{},"buildDate":1643035969477,"clearCache":false,"counter":false,"darwinDarkModeSupport":false,"disableContextMenu":false,"disableDevTools":true,"disableGpu":false,"disableOldBuildWarning":false,"diskCacheSize":null,"electronVersionUsed":"12.0.10","enableEs3Apis":false,"fastQuit":false,"fileDownloadOptions":{},"flashPluginDir":null,"fullScreen":false,"globalShortcuts":null,"height":800,"hideWindowFrame":false,"ignoreCertificate":false,"ignoreGpuBlacklist":false,"insecure":false,"internalUrls":null,"isUpgrade":false,"maximize":false,"name":"GoogleMessages","nativefierVersion":"44.0.0","portable":false,"processEnvs":{},"proxyRules":null,"showMenuBar":false,"singleInstance":true,"targetUrl":"https://messages.google.com/web","titleBarStyle":null,"tray":false,"userAgent":"Mozilla/5.0 (X11; Linux x86_64; rv:96.0.2) Gecko/20100101 Firefox/96.0.2","userAgentHonest":false,"width":1280,"widevine":false,"win32metadata":{},"zoom":1,"oldBuildWarningText":""}